model,metric,block_id,no_pca_value,scaled_value,diff
KNeighborsClassifier,accuracy,0,0.813,0.813,0.0
KNeighborsClassifier,accuracy,1,0.814,0.814,0.0
KNeighborsClassifier,accuracy,2,0.818,0.818,0.0
KNeighborsClassifier,accuracy,3,0.813,0.813,0.0
KNeighborsClassifier,accuracy,4,0.817,0.817,0.0
KNeighborsClassifier,accuracy,5,0.804,0.804,0.0
KNeighborsClassifier,accuracy,6,0.822,0.822,0.0
KNeighborsClassifier,accuracy,7,0.806,0.806,0.0
KNeighborsClassifier,accuracy,8,0.814,0.814,0.0
KNeighborsClassifier,accuracy,9,0.813,0.813,0.0
KNeighborsClassifier,macro_f1,0,0.8145067062259047,0.8145067062259047,0.0
KNeighborsClassifier,macro_f1,1,0.8142954488159313,0.8142954488159313,0.0
KNeighborsClassifier,macro_f1,2,0.8175733457944903,0.8175733457944903,0.0
KNeighborsClassifier,macro_f1,3,0.8127544854738096,0.8127544854738096,0.0
KNeighborsClassifier,macro_f1,4,0.8182146082873402,0.8182146082873402,0.0
KNeighborsClassifier,macro_f1,5,0.8045030011524202,0.8045030011524202,0.0
KNeighborsClassifier,macro_f1,6,0.821818303432092,0.821818303432092,0.0
KNeighborsClassifier,macro_f1,7,0.8068213428018893,0.8068213428018893,0.0
KNeighborsClassifier,macro_f1,8,0.8145038641810893,0.8145038641810893,0.0
KNeighborsClassifier,macro_f1,9,0.8122539514589764,0.8122539514589764,0.0
KNeighborsClassifier,fit_runtime_sec,0,16.504223251999974,16.442623034000007,-0.061600217999966844
KNeighborsClassifier,fit_runtime_sec,1,16.029082436999488,17.008879596999577,0.9797971600000892
KNeighborsClassifier,fit_runtime_sec,2,16.399370614999498,16.557353948001037,0.157983333001539
KNeighborsClassifier,fit_runtime_sec,3,16.57759167399945,16.441862346000562,-0.13572932799888804
KNeighborsClassifier,fit_runtime_sec,4,16.76992816999973,15.780055356999585,-0.9898728130001455
KNeighborsClassifier,fit_runtime_sec,5,15.827418697000212,15.748706313000184,-0.07871238400002767
KNeighborsClassifier,fit_runtime_sec,6,17.31097090000003,16.894198573000722,-0.41677232699930755
KNeighborsClassifier,fit_runtime_sec,7,16.093773837999834,16.414389576999383,0.32061573899954965
KNeighborsClassifier,fit_runtime_sec,8,16.621612975000062,16.408732192999196,-0.21288078200086602
KNeighborsClassifier,fit_runtime_sec,9,16.46701840700007,16.193818230000034,-0.2732001770000352
KNeighborsClassifier,inference_runtime_sec,0,0.4435587299994949,0.4517089020000639,0.008150172000569
KNeighborsClassifier,inference_runtime_sec,1,0.4555402770001819,0.4446567090003555,-0.010883567999826427
KNeighborsClassifier,inference_runtime_sec,2,0.5142801569991207,0.5318180650010618,0.017537908001941105
KNeighborsClassifier,inference_runtime_sec,3,0.5257291519992577,0.4913677439999446,-0.03436140799931314
KNeighborsClassifier,inference_runtime_sec,4,0.474254512000698,0.5162709710002673,0.042016458999569295
KNeighborsClassifier,inference_runtime_sec,5,0.4365644929994232,0.4309943219996057,-0.005570170999817492
KNeighborsClassifier,inference_runtime_sec,6,0.5263439200007269,0.4993293649995394,-0.027014555001187546
KNeighborsClassifier,inference_runtime_sec,7,0.4108264240012431,0.5221625239992136,0.1113360999979705
KNeighborsClassifier,inference_runtime_sec,8,0.510853956999199,0.4662319999997635,-0.0446219569994355
KNeighborsClassifier,inference_runtime_sec,9,0.4415240729995275,0.4491908359996159,0.007666763000088395
LogisticRegression,accuracy,0,0.833,0.833,0.0
LogisticRegression,accuracy,1,0.833,0.833,0.0
LogisticRegression,accuracy,2,0.832,0.832,0.0
LogisticRegression,accuracy,3,0.829,0.829,0.0
LogisticRegression,accuracy,4,0.821,0.821,0.0
LogisticRegression,accuracy,5,0.82,0.82,0.0
LogisticRegression,accuracy,6,0.826,0.826,0.0
LogisticRegression,accuracy,7,0.819,0.819,0.0
LogisticRegression,accuracy,8,0.832,0.832,0.0
LogisticRegression,accuracy,9,0.844,0.844,0.0
LogisticRegression,macro_f1,0,0.83188227793338,0.83188227793338,0.0
LogisticRegression,macro_f1,1,0.8317787491415045,0.8317787491415045,0.0
LogisticRegression,macro_f1,2,0.8302353248471654,0.8302353248471654,0.0
LogisticRegression,macro_f1,3,0.8272617963241953,0.8272617963241953,0.0
LogisticRegression,macro_f1,4,0.8216415425191166,0.8216415425191166,0.0
LogisticRegression,macro_f1,5,0.818504531437231,0.818504531437231,0.0
LogisticRegression,macro_f1,6,0.8250341252998729,0.8250341252998729,0.0
LogisticRegression,macro_f1,7,0.8172687868211739,0.8172687868211739,0.0
LogisticRegression,macro_f1,8,0.8309571949646074,0.8309571949646074,0.0
LogisticRegression,macro_f1,9,0.8429195692941092,0.8429195692941092,0.0
LogisticRegression,fit_runtime_sec,0,31.009871692999692,35.955428937000306,4.945557244000614
LogisticRegression,fit_runtime_sec,1,35.58270680699934,39.47246237799936,3.8897555710000233
LogisticRegression,fit_runtime_sec,2,35.187795205999464,41.50705216999995,6.319256964000488
LogisticRegression,fit_runtime_sec,3,41.12309103199914,35.41368234000038,-5.70940869199876
LogisticRegression,fit_runtime_sec,4,34.75991291199989,34.70497414900001,-0.054938762999881874
LogisticRegression,fit_runtime_sec,5,35.1108761659998,33.871144026000366,-1.2397321399994325
LogisticRegression,fit_runtime_sec,6,36.31435177599997,38.55487926200021,2.2405274860002464
LogisticRegression,fit_runtime_sec,7,32.720167933000084,32.374385549999715,-0.345782383000369
LogisticRegression,fit_runtime_sec,8,36.71682079200036,34.41560026899879,-2.301220523001575
LogisticRegression,fit_runtime_sec,9,34.165592918000584,30.51208160799888,-3.6535113100017043
LogisticRegression,inference_runtime_sec,0,0.0105762089997369,0.0111931659998845,0.0006169570001476003
LogisticRegression,inference_runtime_sec,1,0.0124770090005768,0.0115002679999633,-0.0009767410006135003
LogisticRegression,inference_runtime_sec,2,0.0115679109994744,0.0151513030004934,0.0035833920010190003
LogisticRegression,inference_runtime_sec,3,0.0109589139992749,0.011319000000185,0.0003600860009101009
LogisticRegression,inference_runtime_sec,4,0.0142018510005073,0.0073971510000774,-0.0068047000004299
LogisticRegression,inference_runtime_sec,5,0.0112690509995445,0.0110944670004755,-0.00017458399906900013
LogisticRegression,inference_runtime_sec,6,0.0099354829999356,0.0108762029994977,0.0009407199995620993
LogisticRegression,inference_runtime_sec,7,0.0106876770005328,0.0109853659996588,0.00029768899912599976
LogisticRegression,inference_runtime_sec,8,0.011026621999008,0.0108427000004667,-0.00018392199854130008
LogisticRegression,inference_runtime_sec,9,0.0064631400000507,0.0108115349994477,0.004348394999396999
RandomForestClassifier,accuracy,0,0.83,0.83,0.0
RandomForestClassifier,accuracy,1,0.847,0.847,0.0
RandomForestClassifier,accuracy,2,0.839,0.839,0.0
RandomForestClassifier,accuracy,3,0.843,0.843,0.0
RandomForestClassifier,accuracy,4,0.834,0.834,0.0
RandomForestClassifier,accuracy,5,0.844,0.844,0.0
RandomForestClassifier,accuracy,6,0.837,0.837,0.0
RandomForestClassifier,accuracy,7,0.838,0.838,0.0
RandomForestClassifier,accuracy,8,0.821,0.821,0.0
RandomForestClassifier,accuracy,9,0.837,0.837,0.0
RandomForestClassifier,macro_f1,0,0.8267968874002275,0.8267968874002275,0.0
RandomForestClassifier,macro_f1,1,0.8436505578118888,0.8436505578118888,0.0
RandomForestClassifier,macro_f1,2,0.8366975714774426,0.8366975714774426,0.0
RandomForestClassifier,macro_f1,3,0.8414213911151014,0.8414213911151014,0.0
RandomForestClassifier,macro_f1,4,0.8316658752949568,0.8316658752949568,0.0
RandomForestClassifier,macro_f1,5,0.840812352485397,0.840812352485397,0.0
RandomForestClassifier,macro_f1,6,0.8355949485367018,0.8355949485367018,0.0
RandomForestClassifier,macro_f1,7,0.8346608876517602,0.8346608876517602,0.0
RandomForestClassifier,macro_f1,8,0.8186504538057477,0.8186504538057477,0.0
RandomForestClassifier,macro_f1,9,0.8344459646479508,0.8344459646479508,0.0
RandomForestClassifier,fit_runtime_sec,0,35.82598935899932,34.90079899800003,-0.9251903609992951
RandomForestClassifier,fit_runtime_sec,1,36.19970315599949,36.14945989399985,-0.0502432619996398
RandomForestClassifier,fit_runtime_sec,2,34.72322605999943,34.631692965000184,-0.09153309499924944
RandomForestClassifier,fit_runtime_sec,3,36.68265507999968,35.178899124000964,-1.503755955998713
RandomForestClassifier,fit_runtime_sec,4,37.90476158799993,35.21429262000038,-2.69046896799955
RandomForestClassifier,fit_runtime_sec,5,35.7559391979994,35.77875895699981,0.02281975900040578
RandomForestClassifier,fit_runtime_sec,6,36.02801782300048,35.120629510999606,-0.9073883120008759
RandomForestClassifier,fit_runtime_sec,7,36.47861162100071,36.08534152499942,-0.39327009600128804
RandomForestClassifier,fit_runtime_sec,8,37.379540989000816,35.97773728299853,-1.4018037060022834
RandomForestClassifier,fit_runtime_sec,9,35.9876358169995,37.32499960199948,1.3373637849999795
RandomForestClassifier,inference_runtime_sec,0,0.0255570459994487,0.0252039779998085,-0.0003530679996402025
RandomForestClassifier,inference_runtime_sec,1,0.0275769970012333,0.0248383939992891,-0.002738603001944201
RandomForestClassifier,inference_runtime_sec,2,0.0190316190000885,0.022268776000601,0.0032371570005125007
RandomForestClassifier,inference_runtime_sec,3,0.0245103379993452,0.0245990989997153,8.876100037009949e-05
RandomForestClassifier,inference_runtime_sec,4,0.0279713330000959,0.0202233469999555,-0.0077479860001404
RandomForestClassifier,inference_runtime_sec,5,0.0263826439995682,0.0263446779999867,-3.796599958149835e-05
RandomForestClassifier,inference_runtime_sec,6,0.0254999190001399,0.0255039659996327,4.046999492798159e-06
RandomForestClassifier,inference_runtime_sec,7,0.0243389020006361,0.0256054189994756,0.0012665169988394995
RandomForestClassifier,inference_runtime_sec,8,0.02595427399865,0.0260430209991682,8.87470005182002e-05
RandomForestClassifier,inference_runtime_sec,9,0.0206264949993055,0.0255614979996607,0.004935003000355199
