block_id,pipeline,model,n_features_before,n_features_after,best_params,accuracy,macro_f1,fit_runtime_sec,inference_runtime_sec
0,no_pca,KNeighborsClassifier,784,784,"{'metric': 'manhattan', 'n_neighbors': 5, 'weights': 'distance'}",0.813,0.8145067062259047,29.074434099995415,0.6419850999955088
0,no_pca,LogisticRegression,784,784,"{'C': 0.01, 'max_iter': 500, 'solver': 'lbfgs'}",0.833,0.83188227793338,52.380959799993434,0.006816299995989539
0,no_pca,RandomForestClassifier,784,784,"{'max_depth': 20, 'n_estimators': 100}",0.832,0.8291014868655973,65.12695559999702,0.024058099996182136
1,no_pca,KNeighborsClassifier,784,784,"{'metric': 'manhattan', 'n_neighbors': 5, 'weights': 'distance'}",0.814,0.8142954488159313,27.38883240000723,0.6648220999995829
1,no_pca,LogisticRegression,784,784,"{'C': 0.01, 'max_iter': 500, 'solver': 'lbfgs'}",0.834,0.8326120571125338,56.346671900006186,0.009148400000412948
1,no_pca,RandomForestClassifier,784,784,"{'max_depth': 20, 'n_estimators': 100}",0.848,0.844844662525343,66.50105060000351,0.025523500000417698
2,no_pca,KNeighborsClassifier,784,784,"{'metric': 'manhattan', 'n_neighbors': 5, 'weights': 'distance'}",0.818,0.8175733457944903,27.9196884999983,0.6996882000021287
2,no_pca,LogisticRegression,784,784,"{'C': 0.01, 'max_iter': 500, 'solver': 'lbfgs'}",0.832,0.8302353248471654,63.19897060000221,0.006076300000131596
2,no_pca,RandomForestClassifier,784,784,"{'max_depth': 20, 'n_estimators': 50}",0.84,0.8376677724906022,64.12282409999898,0.014045399992028251
3,no_pca,KNeighborsClassifier,784,784,"{'metric': 'manhattan', 'n_neighbors': 10, 'weights': 'distance'}",0.813,0.8127544854738096,27.79331159999856,0.6985382999991998
3,no_pca,LogisticRegression,784,784,"{'C': 0.01, 'max_iter': 500, 'solver': 'lbfgs'}",0.829,0.8272617963241953,58.85925880000286,0.0068322000006446615
3,no_pca,RandomForestClassifier,784,784,"{'max_depth': 20, 'n_estimators': 100}",0.843,0.8414213911151014,65.61590710000019,0.025221899995813146
4,no_pca,KNeighborsClassifier,784,784,"{'metric': 'manhattan', 'n_neighbors': 5, 'weights': 'distance'}",0.817,0.8182146082873402,28.173600900001475,0.682531000005838
4,no_pca,LogisticRegression,784,784,"{'C': 0.01, 'max_iter': 500, 'solver': 'lbfgs'}",0.822,0.8225657459146856,54.42714530000376,0.007866600004490465
4,no_pca,RandomForestClassifier,784,784,"{'max_depth': 20, 'n_estimators': 100}",0.833,0.8306658752949568,66.572828999997,0.03368380000756588
5,no_pca,KNeighborsClassifier,784,784,"{'metric': 'manhattan', 'n_neighbors': 3, 'weights': 'distance'}",0.804,0.8045030011524202,30.00754149999557,0.6962151999978232
5,no_pca,LogisticRegression,784,784,"{'C': 0.01, 'max_iter': 500, 'solver': 'lbfgs'}",0.821,0.8194880108572283,60.73917929999152,0.009249700007785577
5,no_pca,RandomForestClassifier,784,784,"{'max_depth': 20, 'n_estimators': 100}",0.844,0.840812352485397,66.8277081999986,0.026651900006982032
6,no_pca,KNeighborsClassifier,784,784,"{'metric': 'manhattan', 'n_neighbors': 5, 'weights': 'distance'}",0.822,0.821818303432092,28.5057519999973,0.6953695000047446
6,no_pca,LogisticRegression,784,784,"{'C': 0.01, 'max_iter': 500, 'solver': 'lbfgs'}",0.826,0.8250228386908468,64.16587979999895,0.007064299999910872
6,no_pca,RandomForestClassifier,784,784,"{'max_depth': 20, 'n_estimators': 100}",0.84,0.8387671043861447,66.22486170000047,0.025500700001430232
7,no_pca,KNeighborsClassifier,784,784,"{'metric': 'manhattan', 'n_neighbors': 5, 'weights': 'distance'}",0.806,0.8068213428018893,28.45926299999701,0.6952359999995679
7,no_pca,LogisticRegression,784,784,"{'C': 0.01, 'max_iter': 500, 'solver': 'lbfgs'}",0.818,0.8163811587019618,60.27020780000021,0.005877399999008048
7,no_pca,RandomForestClassifier,784,784,"{'max_depth': 20, 'n_estimators': 100}",0.836,0.8323360288859657,66.0324455000009,0.024224799999501556
8,no_pca,KNeighborsClassifier,784,784,"{'metric': 'manhattan', 'n_neighbors': 5, 'weights': 'distance'}",0.814,0.8145038641810893,28.732923400006257,0.6905753999963054
8,no_pca,LogisticRegression,784,784,"{'C': 0.01, 'max_iter': 500, 'solver': 'lbfgs'}",0.83,0.8288490652788052,60.904534900000726,0.007499999999708962
8,no_pca,RandomForestClassifier,784,784,"{'max_depth': 20, 'n_estimators': 100}",0.821,0.8187377892956075,65.99457489999622,0.02581569999892963
9,no_pca,KNeighborsClassifier,784,784,"{'metric': 'manhattan', 'n_neighbors': 10, 'weights': 'distance'}",0.813,0.8122539514589764,28.622331700003997,0.6925439999977243
9,no_pca,LogisticRegression,784,784,"{'C': 0.01, 'max_iter': 500, 'solver': 'lbfgs'}",0.844,0.8429195692941092,57.1048196000047,0.006245899996429216
9,no_pca,RandomForestClassifier,784,784,"{'max_depth': 20, 'n_estimators': 100}",0.84,0.8374181745526785,66.5249296999973,0.02404920000117272
0,pca_50,KNeighborsClassifier,784,5,"{'metric': 'euclidean', 'n_neighbors': 10, 'weights': 'distance'}",0.708,0.7066996409698485,2.1003416999956244,0.01269069999398198
0,pca_50,LogisticRegression,784,5,"{'C': 10.0, 'max_iter': 500, 'solver': 'lbfgs'}",0.71,0.7022886146143207,12.183544299994537,0.006440799996198621
0,pca_50,RandomForestClassifier,784,5,"{'max_depth': 20, 'n_estimators': 50}",0.713,0.7099022635874437,17.110353600000963,0.015796399988175835
1,pca_50,KNeighborsClassifier,784,5,"{'metric': 'euclidean', 'n_neighbors': 10, 'weights': 'distance'}",0.736,0.7334392352121243,2.577021600001899,0.01382480000029318
1,pca_50,LogisticRegression,784,5,"{'C': 10.0, 'max_iter': 500, 'solver': 'lbfgs'}",0.693,0.687858017569173,12.518055299995467,0.007583500002510846
1,pca_50,RandomForestClassifier,784,5,"{'max_depth': 20, 'n_estimators': 100}",0.74,0.7377461012053507,17.629149100001086,0.026157799999054987
2,pca_50,KNeighborsClassifier,784,5,"{'metric': 'euclidean', 'n_neighbors': 10, 'weights': 'distance'}",0.707,0.7072002260096569,2.5035644000017783,0.017979999996896368
2,pca_50,LogisticRegression,784,5,"{'C': 10.0, 'max_iter': 500, 'solver': 'lbfgs'}",0.691,0.6813754837738443,12.453999400000612,0.007267500004672911
2,pca_50,RandomForestClassifier,784,5,"{'max_depth': 20, 'n_estimators': 100}",0.745,0.7434290103220842,15.142007100002957,0.025927900001988746
3,pca_50,KNeighborsClassifier,784,5,"{'metric': 'euclidean', 'n_neighbors': 10, 'weights': 'distance'}",0.719,0.7157514588039927,2.066987700003665,0.011796099999628495
3,pca_50,LogisticRegression,784,5,"{'C': 0.1, 'max_iter': 500, 'solver': 'lbfgs'}",0.696,0.6886263883884733,11.871698800001468,0.005455400008941069
3,pca_50,RandomForestClassifier,784,5,"{'max_depth': 20, 'n_estimators': 50}",0.721,0.7212260020132867,17.116023500006122,0.01514129999850411
4,pca_50,KNeighborsClassifier,784,5,"{'metric': 'euclidean', 'n_neighbors': 10, 'weights': 'uniform'}",0.704,0.698426019860634,2.6962920000005397,0.04407210000499617
4,pca_50,LogisticRegression,784,5,"{'C': 1.0, 'max_iter': 500, 'solver': 'lbfgs'}",0.685,0.6786723854636502,11.074858599997242,0.007365299999946728
4,pca_50,RandomForestClassifier,784,5,"{'max_depth': 20, 'n_estimators': 100}",0.717,0.7150256781379916,14.997844400000758,0.02613299999939045
5,pca_50,KNeighborsClassifier,784,5,"{'metric': 'euclidean', 'n_neighbors': 10, 'weights': 'distance'}",0.717,0.7132498667906185,2.0643815000003087,0.01167649999842979
5,pca_50,LogisticRegression,784,5,"{'C': 10.0, 'max_iter': 500, 'solver': 'lbfgs'}",0.721,0.7100864051751758,11.43141900000046,0.005414399995061103
5,pca_50,RandomForestClassifier,784,5,"{'max_depth': 10, 'n_estimators': 50}",0.736,0.7269831918737576,14.143408400006592,0.01273399999627145
6,pca_50,KNeighborsClassifier,784,5,"{'metric': 'euclidean', 'n_neighbors': 10, 'weights': 'distance'}",0.715,0.7128727647149782,2.0247278999959235,0.012065499999152962
6,pca_50,LogisticRegression,784,5,"{'C': 0.1, 'max_iter': 500, 'solver': 'lbfgs'}",0.688,0.6807137727894634,11.236262400001578,0.005522999999811873
6,pca_50,RandomForestClassifier,784,5,"{'max_depth': 10, 'n_estimators': 100}",0.729,0.723199084187006,14.692847500002244,0.019422400000621565
7,pca_50,KNeighborsClassifier,784,5,"{'metric': 'euclidean', 'n_neighbors': 10, 'weights': 'distance'}",0.734,0.7325565572397734,2.0969127999997,0.01239239999995334
7,pca_50,LogisticRegression,784,5,"{'C': 0.1, 'max_iter': 500, 'solver': 'lbfgs'}",0.69,0.683241690627843,11.531090200005565,0.00590609999926528
7,pca_50,RandomForestClassifier,784,5,"{'max_depth': 20, 'n_estimators': 100}",0.732,0.7285632832251419,15.765275400000974,0.025147599997580983
8,pca_50,KNeighborsClassifier,784,5,"{'metric': 'euclidean', 'n_neighbors': 10, 'weights': 'distance'}",0.73,0.7271113974598942,2.0343415000024834,0.011575399999856018
8,pca_50,LogisticRegression,784,5,"{'C': 1.0, 'max_iter': 500, 'solver': 'lbfgs'}",0.694,0.6857611391709675,11.622488100001647,0.005387700002756901
8,pca_50,RandomForestClassifier,784,5,"{'max_depth': 20, 'n_estimators': 100}",0.736,0.7325156508225774,14.856068400004006,0.02414590000262251
9,pca_50,KNeighborsClassifier,784,5,"{'metric': 'euclidean', 'n_neighbors': 10, 'weights': 'distance'}",0.714,0.7112006640250057,2.0387991000025067,0.012811200002033729
9,pca_50,LogisticRegression,784,5,"{'C': 1.0, 'max_iter': 500, 'solver': 'lbfgs'}",0.689,0.6824765727184587,11.295005100000708,0.006404700005077757
9,pca_50,RandomForestClassifier,784,5,"{'max_depth': 20, 'n_estimators': 100}",0.744,0.74105798211835,14.839438100003463,0.025618400002713315
0,pca_75,KNeighborsClassifier,784,32,"{'metric': 'manhattan', 'n_neighbors': 5, 'weights': 'distance'}",0.806,0.8067363533227704,2.592729399999371,0.0401653000008082
0,pca_75,LogisticRegression,784,32,"{'C': 0.1, 'max_iter': 500, 'solver': 'lbfgs'}",0.802,0.8008159379897363,13.533070500001486,0.006567599994014017
0,pca_75,RandomForestClassifier,784,32,"{'max_depth': 20, 'n_estimators': 100}",0.819,0.8173510598963485,32.65264810000372,0.024506299996573944
1,pca_75,KNeighborsClassifier,784,31,"{'metric': 'manhattan', 'n_neighbors': 5, 'weights': 'uniform'}",0.805,0.8022003409799984,2.567082900000969,0.05390630000329111
1,pca_75,LogisticRegression,784,31,"{'C': 1.0, 'max_iter': 500, 'solver': 'lbfgs'}",0.813,0.810247495486436,13.469014100002823,0.00735059999715304
1,pca_75,RandomForestClassifier,784,31,"{'max_depth': 20, 'n_estimators': 100}",0.832,0.8295314799020079,31.8398065000074,0.02535090000310447
2,pca_75,KNeighborsClassifier,784,32,"{'metric': 'euclidean', 'n_neighbors': 10, 'weights': 'distance'}",0.815,0.8143745264279516,2.5993606000047293,0.017094700007874053
2,pca_75,LogisticRegression,784,32,"{'C': 0.1, 'max_iter': 500, 'solver': 'lbfgs'}",0.809,0.8064416969721409,14.523933399999805,0.005687700002454221
2,pca_75,RandomForestClassifier,784,32,"{'max_depth': 20, 'n_estimators': 100}",0.825,0.8233239839090134,37.63409139999567,0.024364600001717918
3,pca_75,KNeighborsClassifier,784,30,"{'metric': 'manhattan', 'n_neighbors': 10, 'weights': 'uniform'}",0.816,0.8147341274934032,2.667729799999506,0.051274999997986015
3,pca_75,LogisticRegression,784,30,"{'C': 10.0, 'max_iter': 500, 'solver': 'lbfgs'}",0.806,0.8034520038661161,14.836297900001227,0.006638500002736691
3,pca_75,RandomForestClassifier,784,30,"{'max_depth': 20, 'n_estimators': 100}",0.82,0.8175170515329772,38.048100500003784,0.025531599996611476
4,pca_75,KNeighborsClassifier,784,31,"{'metric': 'euclidean', 'n_neighbors': 10, 'weights': 'distance'}",0.811,0.810163279720977,2.754205900004308,0.01898280000750674
4,pca_75,LogisticRegression,784,31,"{'C': 10.0, 'max_iter': 500, 'solver': 'lbfgs'}",0.802,0.8032997153666075,14.997334300001967,0.007453700003679842
4,pca_75,RandomForestClassifier,784,31,"{'max_depth': 20, 'n_estimators': 100}",0.814,0.8130057809931811,34.13462350000191,0.025520400013192557
5,pca_75,KNeighborsClassifier,784,31,"{'metric': 'manhattan', 'n_neighbors': 10, 'weights': 'distance'}",0.808,0.8073024943431125,2.6190701000014087,0.04177619998517912
5,pca_75,LogisticRegression,784,31,"{'C': 1.0, 'max_iter': 500, 'solver': 'lbfgs'}",0.804,0.80289292746534,13.565699999999197,0.007416999986162409
5,pca_75,RandomForestClassifier,784,31,"{'max_depth': 20, 'n_estimators': 100}",0.816,0.8127955875944017,32.29210890000104,0.025260999987949617
6,pca_75,KNeighborsClassifier,784,31,"{'metric': 'manhattan', 'n_neighbors': 5, 'weights': 'distance'}",0.795,0.7962377633259508,2.5721039999989443,0.03924849999748403
6,pca_75,LogisticRegression,784,31,"{'C': 1.0, 'max_iter': 500, 'solver': 'lbfgs'}",0.797,0.7956113915937169,13.392981899996812,0.00593940000544535
6,pca_75,RandomForestClassifier,784,31,"{'max_depth': 20, 'n_estimators': 100}",0.811,0.8096390848332755,32.12806580000324,0.023574400001962204
7,pca_75,KNeighborsClassifier,784,31,"{'metric': 'euclidean', 'n_neighbors': 5, 'weights': 'distance'}",0.806,0.8041390445466922,2.635012500002631,0.016968600000836886
7,pca_75,LogisticRegression,784,31,"{'C': 1.0, 'max_iter': 500, 'solver': 'lbfgs'}",0.794,0.7902967807030127,13.699462800002948,0.006523999996716157
7,pca_75,RandomForestClassifier,784,31,"{'max_depth': 20, 'n_estimators': 100}",0.829,0.8255714240426885,32.010405200002424,0.024614599999040365
8,pca_75,KNeighborsClassifier,784,30,"{'metric': 'manhattan', 'n_neighbors': 10, 'weights': 'distance'}",0.806,0.8068502190950044,2.4944800999946892,0.04007439999986673
8,pca_75,LogisticRegression,784,30,"{'C': 0.1, 'max_iter': 500, 'solver': 'lbfgs'}",0.81,0.8075189472379416,13.600060600001598,0.006102200000896119
8,pca_75,RandomForestClassifier,784,30,"{'max_depth': 20, 'n_estimators': 100}",0.813,0.8128121926592848,32.160786900007224,0.024106000004394446
9,pca_75,KNeighborsClassifier,784,31,"{'metric': 'manhattan', 'n_neighbors': 10, 'weights': 'distance'}",0.817,0.8152948595114026,2.6058684999952675,0.04237839999404969
9,pca_75,LogisticRegression,784,31,"{'C': 0.1, 'max_iter': 500, 'solver': 'lbfgs'}",0.816,0.8159597751176932,13.669110099996033,0.007088999998813961
9,pca_75,RandomForestClassifier,784,31,"{'max_depth': 20, 'n_estimators': 100}",0.83,0.827055638293866,32.0197724999889,0.025914799996826332
0,pca_90,KNeighborsClassifier,784,129,"{'metric': 'manhattan', 'n_neighbors': 5, 'weights': 'distance'}",0.815,0.8168582735449237,5.948560099997849,0.12385470000299392
0,pca_90,LogisticRegression,784,129,"{'C': 0.01, 'max_iter': 500, 'solver': 'lbfgs'}",0.838,0.8368737105486916,17.69199550000485,0.006585600000107661
0,pca_90,RandomForestClassifier,784,129,"{'max_depth': 20, 'n_estimators': 100}",0.824,0.8213982136891907,68.6618662999972,0.02488380000431789
1,pca_90,KNeighborsClassifier,784,128,"{'metric': 'euclidean', 'n_neighbors': 10, 'weights': 'distance'}",0.811,0.8105223690698402,5.837290999996185,0.030806399998255074
1,pca_90,LogisticRegression,784,128,"{'C': 0.01, 'max_iter': 500, 'solver': 'lbfgs'}",0.83,0.8287659564451962,17.04886780000379,0.007591899993713014
1,pca_90,RandomForestClassifier,784,128,"{'max_depth': 20, 'n_estimators': 100}",0.825,0.8217573891735219,68.94357480000326,0.02579909999622032
2,pca_90,KNeighborsClassifier,784,130,"{'metric': 'euclidean', 'n_neighbors': 5, 'weights': 'distance'}",0.824,0.8240749207357061,5.928667899999709,0.028101499992772005
2,pca_90,LogisticRegression,784,130,"{'C': 0.1, 'max_iter': 500, 'solver': 'lbfgs'}",0.824,0.822724164398809,17.97501000000193,0.0065128999995067716
2,pca_90,RandomForestClassifier,784,130,"{'max_depth': 20, 'n_estimators': 100}",0.832,0.829632133534272,69.02050060000329,0.02560819999780506
3,pca_90,KNeighborsClassifier,784,126,"{'metric': 'manhattan', 'n_neighbors': 10, 'weights': 'distance'}",0.816,0.8169544417723221,5.787884799996391,0.12419600000430364
3,pca_90,LogisticRegression,784,126,"{'C': 0.01, 'max_iter': 500, 'solver': 'lbfgs'}",0.825,0.8227084603349482,17.3811330999888,0.008703400009835605
3,pca_90,RandomForestClassifier,784,126,"{'max_depth': 20, 'n_estimators': 100}",0.837,0.8339451507326132,68.90173249999498,0.02748230000725016
4,pca_90,KNeighborsClassifier,784,127,"{'metric': 'euclidean', 'n_neighbors': 10, 'weights': 'uniform'}",0.814,0.8140603392455261,5.741702200000873,0.06856289999996079
4,pca_90,LogisticRegression,784,127,"{'C': 0.01, 'max_iter': 500, 'solver': 'lbfgs'}",0.823,0.8242253643609688,17.141738500002248,0.006783099997846875
4,pca_90,RandomForestClassifier,784,127,"{'max_depth': 20, 'n_estimators': 100}",0.824,0.8224070690178295,68.14326789999905,0.03128589999687392
5,pca_90,KNeighborsClassifier,784,127,"{'metric': 'manhattan', 'n_neighbors': 5, 'weights': 'distance'}",0.823,0.8226841042577094,5.830216199996357,0.12529370000993367
5,pca_90,LogisticRegression,784,127,"{'C': 0.1, 'max_iter': 500, 'solver': 'lbfgs'}",0.828,0.8271036524591967,17.895849200001976,0.008755000009841751
5,pca_90,RandomForestClassifier,784,127,"{'max_depth': 20, 'n_estimators': 100}",0.813,0.8090655769486936,69.51989800000592,0.02701790000719484
6,pca_90,KNeighborsClassifier,784,127,"{'metric': 'manhattan', 'n_neighbors': 5, 'weights': 'distance'}",0.819,0.8207516419937934,5.81438530000014,0.12326500000199303
6,pca_90,LogisticRegression,784,127,"{'C': 0.01, 'max_iter': 500, 'solver': 'lbfgs'}",0.823,0.8222029643866445,17.749746599998616,0.006643100001383573
6,pca_90,RandomForestClassifier,784,127,"{'max_depth': 20, 'n_estimators': 100}",0.813,0.8106723151074953,78.87793349999993,0.02511699999740813
7,pca_90,KNeighborsClassifier,784,128,"{'metric': 'manhattan', 'n_neighbors': 5, 'weights': 'distance'}",0.815,0.8154531913646711,6.206407399993623,0.13039410000055796
7,pca_90,LogisticRegression,784,128,"{'C': 0.01, 'max_iter': 500, 'solver': 'lbfgs'}",0.816,0.8151988808015547,19.171169099994586,0.007363999997323845
7,pca_90,RandomForestClassifier,784,128,"{'max_depth': 20, 'n_estimators': 100}",0.822,0.817620893721795,80.60502879999694,0.025489999999990687
8,pca_90,KNeighborsClassifier,784,124,"{'metric': 'manhattan', 'n_neighbors': 5, 'weights': 'distance'}",0.825,0.826814708199557,5.959234100002504,0.12110409999877447
8,pca_90,LogisticRegression,784,124,"{'C': 0.01, 'max_iter': 500, 'solver': 'lbfgs'}",0.819,0.8180864640894638,18.718615099998715,0.006708900000376161
8,pca_90,RandomForestClassifier,784,124,"{'max_depth': 20, 'n_estimators': 100}",0.826,0.8232931585987515,81.91800280000461,0.028442800001357682
9,pca_90,KNeighborsClassifier,784,129,"{'metric': 'manhattan', 'n_neighbors': 10, 'weights': 'distance'}",0.827,0.8280435757818762,6.218977899996389,0.1319398000050569
9,pca_90,LogisticRegression,784,129,"{'C': 0.01, 'max_iter': 500, 'solver': 'lbfgs'}",0.837,0.8355359487528023,19.288303699991957,0.007278200006112456
9,pca_90,RandomForestClassifier,784,129,"{'max_depth': 20, 'n_estimators': 100}",0.831,0.8281198845065539,80.4813462999955,0.02651540000078967
